John,25,100000
Alice,30,85000
Robert,45,120000
Mary,28,95000
David,34,110000
Sophia,22,72000
James,40,132000
Emily,27,89000
Michael,31,99000
Olivia,29,97000
Daniel,36,115000
Isabella,26,88000
William,38,124000
Mia,24,76000
Benjamin,33,108000
Charlotte,32,94000
Lucas,41,130000
Amelia,23,75000
Henry,39,125000
Harper,35,102000
Elijah,42,135000
Evelyn,28,87000
Alexander,37,118000
Abigail,30,92000
Mason,43,138000
Ella,25,83000
Logan,27,96000
Grace,26,91000
Jackson,29,101000
Chloe,31,93000
Sebastian,33,106000
Lily,34,95000
Jack,38,123000
Aria,22,71000
Owen,36,117000
Scarlett,28,97000
Samuel,40,127000
Zoe,24,78000
Matthew,41,129000
Nora,27,88000
Joseph,45,136000
Riley,25,82000
Levi,35,112000
Victoria,29,99000
Mateo,32,104000
Hannah,26,90000
Aiden,39,126000
Luna,23,77000
Ethan,44,134000
Penelope,30,94000
Logan,37,119000
Camila,28,89000
Jayden,31,108000
Layla,33,95000
Grayson,38,121000
Mila,24,76000
Carter,42,133000
Ellie,25,81000
Julian,34,114000
Addison,29,98000
Hudson,40,128000
Avery,26,88000
Dylan,27,97000
Sofia,32,93000
Lincoln,35,111000
Madison,28,91000
Ezra,36,116000
Hazel,30,95000
Isaiah,41,130000
Lillian,23,74000
Thomas,37,118000
Zoey,25,86000
Charles,43,137000
Nora,27,89000
Christopher,39,124000
Violet,31,94000
Josiah,40,128000
Aurora,26,90000
Andrew,33,106000
Hannah,29,97000
Nathan,35,113000
Stella,24,79000
Adrian,32,105000
Paisley,28,93000
Christian,38,122000
Eleanor,27,94000
Colton,36,117000
Skylar,25,88000
Cameron,34,110000
Lucy,31,92000
Aaron,40,129000
Savannah,30,97000
Eli,29,98000
Brooklyn,23,75000
Connor,39,126000
Bella,28,91000
Landon,33,109000
Claire,27,90000
Jonathan,41,132000
Audrey,25,87000
Nolan,35,115000
Samantha,26,89000
Easton,38,120000
Allison,24,83000
Dominic,37,119000
Anna,30,95000
Hunter,42,134000
Leah,29,94000
Brayden,31,107000
Lucy,28,93000
Ezekiel,39,125000
Sarah,27,91000
Angel,36,113000
Aaliyah,24,78000
Miles,34,112000
Cora,25,85000
Robert,46,138000
Natalie,28,96000
Parker,40,127000
Lydia,23,77000
Ian,33,109000
Kennedy,27,92000
Adam,38,121000
Ruby,25,86000
Jaxon,31,105000
Caroline,26,89000
Greyson,35,114000
Alice,30,94000
Asher,37,118000
Sadie,28,92000
Leo,32,107000
Peyton,25,87000
Josephine,27,91000
Mateo,34,112000
Delilah,24,79000
Ryan,40,129000
Madelyn,29,95000
Anthony,41,131000
Clara,23,77000
Joshua,35,116000
Emilia,26,89000
Christopher,38,124000
Aubrey,28,91000
Jack,42,133000
Naomi,25,86000
Maverick,30,104000
Isla,24,78000
Jameson,34,113000
Ivy,27,93000
Elias,37,119000
Sophie,26,91000
Gavin,39,126000
Serenity,28,92000
Caleb,33,110000
Ariana,25,88000
William,45,135000
Hailey,24,80000
Luke,31,107000
Kennedy,29,94000
Isaac,36,115000
Sarah,27,92000
Jayden,38,122000
Lucy,26,90000